{"cameraMode":{"drawMode":0,"name":"Shaded","section":"Shading Mode"},"sceneLighting":false,"audioPlay":false,"sceneViewState":{"showFog":true,"showMaterialUpdate":false,"showSkybox":false,"showFlares":true,"showImageEffects":true,"showParticleSystems":true},"in2DMode":false,"pivot":{"x":854.817626953125,"y":0.5671529769897461,"z":717.9373779296875},"rotation":{"x":-0.027983849868178369,"y":0.4542265832424164,"z":-0.01847013086080551,"w":-0.8907797932624817},"size":2.4756083488464357,"orthographic":false}