{"cameraMode":{"drawMode":0,"name":"Shaded","section":"Shading Mode"},"sceneLighting":false,"audioPlay":false,"sceneViewState":{"showFog":true,"showMaterialUpdate":false,"showSkybox":false,"showFlares":true,"showImageEffects":true,"showParticleSystems":true},"in2DMode":false,"pivot":{"x":-0.5987557768821716,"y":0.7620289921760559,"z":0.5285394787788391},"rotation":{"x":-0.25890612602233889,"y":-0.021895552054047586,"z":0.0054649175144732,"w":-0.9657875895500183},"size":4.126697063446045,"orthographic":false}